"","","",""
"1",1,1,TQ0157@Targetmol-L2300-640cpds-manual.csv-1
"2",2,1,TJS1159@Targetmol-L2300-640cpds-manual.csv-1
"3",3,1,TCS0102@Targetmol-L2300-640cpds-manual.csv-1
"4",4,1,T8607@Targetmol-L2300-640cpds-manual.csv-1
"5",4,2,T8607@Targetmol-L2300-640cpds-manual.csv-2
"6",5,1,T8528@Targetmol-L2300-640cpds-manual.csv-1
"7",5,2,T8528@Targetmol-L2300-640cpds-manual.csv-2
"8",6,1,T8449@Targetmol-L2300-640cpds-manual.csv-1
"9",7,1,T8446@Targetmol-L2300-640cpds-manual.csv-1
"10",7,2,T8446@Targetmol-L2300-640cpds-manual.csv-2
"11",8,1,T8444@Targetmol-L2300-640cpds-manual.csv-1
"12",9,1,T8442@Targetmol-L2300-640cpds-manual.csv-1
"13",10,1,T8440@Targetmol-L2300-640cpds-manual.csv-1
"14",10,2,T8440@Targetmol-L2300-640cpds-manual.csv-2
"15",11,1,T8425@Targetmol-L2300-640cpds-manual.csv-1
"16",12,1,T8410@Targetmol-L2300-640cpds-manual.csv-1
"17",13,1,T8394@Targetmol-L2300-640cpds-manual.csv-1
"18",14,1,T8388@Targetmol-L2300-640cpds-manual.csv-1
"19",15,1,T8318@Targetmol-L2300-640cpds-manual.csv-1
"20",15,2,T8318@Targetmol-L2300-640cpds-manual.csv-2
"21",16,1,T8143@Targetmol-L2300-640cpds-manual.csv-1
"22",16,2,T8143@Targetmol-L2300-640cpds-manual.csv-2
"23",16,3,T8143@Targetmol-L2300-640cpds-manual.csv-3
"24",16,4,T8143@Targetmol-L2300-640cpds-manual.csv-4
"25",17,1,T8125@Targetmol-L2300-640cpds-manual.csv-1
"26",17,2,T8125@Targetmol-L2300-640cpds-manual.csv-2
"27",18,1,T8036@Targetmol-L2300-640cpds-manual.csv-1
"28",19,1,T7899@Targetmol-L2300-640cpds-manual.csv-1
"29",20,1,T7884@Targetmol-L2300-640cpds-manual.csv-1
"30",21,1,S5556@Selleck-L2700-219cpds-manual.csv-1
"31",21,2,S5556@Selleck-L2700-219cpds-manual.csv-2
"32",21,3,S5556@Selleck-L2700-219cpds-manual.csv-3
"33",21,4,S5556@Selleck-L2700-219cpds-manual.csv-4
"34",21,5,S5556@Selleck-L2700-219cpds-manual.csv-5
"35",21,6,S5556@Selleck-L2700-219cpds-manual.csv-6
"36",21,7,S5556@Selleck-L2700-219cpds-manual.csv-7
"37",21,8,S5556@Selleck-L2700-219cpds-manual.csv-8
"38",21,9,S5556@Selleck-L2700-219cpds-manual.csv-9
"39",21,10,S5556@Selleck-L2700-219cpds-manual.csv-10
"40",21,11,S5556@Selleck-L2700-219cpds-manual.csv-11
"41",21,12,S5556@Selleck-L2700-219cpds-manual.csv-12
"42",21,13,S5556@Selleck-L2700-219cpds-manual.csv-13
"43",21,14,S5556@Selleck-L2700-219cpds-manual.csv-14
"44",21,15,S5556@Selleck-L2700-219cpds-manual.csv-15
"45",21,16,S5556@Selleck-L2700-219cpds-manual.csv-16
"46",21,17,S5556@Selleck-L2700-219cpds-manual.csv-17
"47",21,18,S5556@Selleck-L2700-219cpds-manual.csv-18
"48",21,19,S5556@Selleck-L2700-219cpds-manual.csv-19
"49",21,20,S5556@Selleck-L2700-219cpds-manual.csv-20
"50",22,1,T7811@Targetmol-L2300-640cpds-manual.csv-1
"51",23,1,T7805@Targetmol-L2300-640cpds-manual.csv-1
"52",23,2,T7805@Targetmol-L2300-640cpds-manual.csv-2
"53",23,3,T7805@Targetmol-L2300-640cpds-manual.csv-3
"54",24,1,T7803@Targetmol-L2300-640cpds-manual.csv-1
"55",24,2,T7803@Targetmol-L2300-640cpds-manual.csv-2
"56",24,3,T7803@Targetmol-L2300-640cpds-manual.csv-3
"57",24,4,T7803@Targetmol-L2300-640cpds-manual.csv-4
"58",25,1,T7775@Targetmol-L2300-640cpds-manual.csv-1
"59",25,2,T7775@Targetmol-L2300-640cpds-manual.csv-2
"60",26,1,T7699@Targetmol-L2300-640cpds-manual.csv-1
"61",27,1,T7638@Targetmol-L2300-640cpds-manual.csv-1
"62",28,1,T7612@Targetmol-L2300-640cpds-manual.csv-1
"63",29,1,T7599@Targetmol-L2300-640cpds-manual.csv-1
"64",30,1,T7595@Targetmol-L2300-640cpds-manual.csv-1
"65",30,2,T7595@Targetmol-L2300-640cpds-manual.csv-2
"66",31,1,T7591@Targetmol-L2300-640cpds-manual.csv-1
"67",32,1,T7580@Targetmol-L2300-640cpds-manual.csv-1
"68",33,1,T7572@Targetmol-L2300-640cpds-manual.csv-1
"69",34,1,T7563@Targetmol-L2300-640cpds-manual.csv-1
"70",34,2,T7563@Targetmol-L2300-640cpds-manual.csv-2
"71",34,3,T7563@Targetmol-L2300-640cpds-manual.csv-3
"72",34,4,T7563@Targetmol-L2300-640cpds-manual.csv-4
"73",34,5,T7563@Targetmol-L2300-640cpds-manual.csv-5
"74",34,6,T7563@Targetmol-L2300-640cpds-manual.csv-6
"75",34,7,T7563@Targetmol-L2300-640cpds-manual.csv-7
"76",34,8,T7563@Targetmol-L2300-640cpds-manual.csv-8
"77",34,9,T7563@Targetmol-L2300-640cpds-manual.csv-9
"78",34,10,T7563@Targetmol-L2300-640cpds-manual.csv-10
"79",34,11,T7563@Targetmol-L2300-640cpds-manual.csv-11
"80",34,12,T7563@Targetmol-L2300-640cpds-manual.csv-12
"81",34,13,T7563@Targetmol-L2300-640cpds-manual.csv-13
"82",34,14,T7563@Targetmol-L2300-640cpds-manual.csv-14
"83",34,15,T7563@Targetmol-L2300-640cpds-manual.csv-15
"84",34,16,T7563@Targetmol-L2300-640cpds-manual.csv-16
"85",34,17,T7563@Targetmol-L2300-640cpds-manual.csv-17
"86",34,18,T7563@Targetmol-L2300-640cpds-manual.csv-18
"87",35,1,T7557@Targetmol-L2300-640cpds-manual.csv-1
"88",36,1,T7526@Targetmol-L2300-640cpds-manual.csv-1
"89",37,1,T7512@Targetmol-L2300-640cpds-manual.csv-1
"90",38,1,T7460@Targetmol-L2300-640cpds-manual.csv-1
"91",39,1,T7430@Targetmol-L2300-640cpds-manual.csv-1
"92",40,1,T7422@Targetmol-L2300-640cpds-manual.csv-1
"93",41,1,T7416@Targetmol-L2300-640cpds-manual.csv-1
"94",42,1,T7373@Targetmol-L2300-640cpds-manual.csv-1
"95",42,2,T7373@Targetmol-L2300-640cpds-manual.csv-2
"96",43,1,T7355@Targetmol-L2300-640cpds-manual.csv-1
"97",43,2,T7355@Targetmol-L2300-640cpds-manual.csv-2
"98",43,3,T7355@Targetmol-L2300-640cpds-manual.csv-3
"99",44,1,T7349@Targetmol-L2300-640cpds-manual.csv-1
"100",44,2,T7349@Targetmol-L2300-640cpds-manual.csv-2
"101",45,1,T7304@Targetmol-L2300-640cpds-manual.csv-1
"102",45,2,T7304@Targetmol-L2300-640cpds-manual.csv-2
"103",46,1,T7219@Targetmol-L2300-640cpds-manual.csv-1
"104",46,2,T7219@Targetmol-L2300-640cpds-manual.csv-2
"105",47,1,T7216@Targetmol-L2300-640cpds-manual.csv-1
"106",48,1,T7205@Targetmol-L2300-640cpds-manual.csv-1
"107",49,1,T7182@Targetmol-L2300-640cpds-manual.csv-1
"108",50,1,T7178@Targetmol-L2300-640cpds-manual.csv-1
"109",50,2,T7178@Targetmol-L2300-640cpds-manual.csv-2
"110",50,3,T7178@Targetmol-L2300-640cpds-manual.csv-3
"111",51,1,T7147@Targetmol-L2300-640cpds-manual.csv-1
"112",52,1,T7124@Targetmol-L2300-640cpds-manual.csv-1
"113",52,2,T7124@Targetmol-L2300-640cpds-manual.csv-2
"114",53,1,T7108@Targetmol-L2300-640cpds-manual.csv-1
"115",54,1,T7102@Targetmol-L2300-640cpds-manual.csv-1
"116",55,1,T7066@Targetmol-L2300-640cpds-manual.csv-1
"117",55,2,T7066@Targetmol-L2300-640cpds-manual.csv-2
"118",56,1,T7064@Targetmol-L2300-640cpds-manual.csv-1
"119",57,1,T7018@Targetmol-L2300-640cpds-manual.csv-1
"120",58,1,T7000@Targetmol-L2300-640cpds-manual.csv-1
"121",58,2,T7000@Targetmol-L2300-640cpds-manual.csv-2
"122",59,1,S9400@Selleck-L2700-219cpds-manual.csv-1
"123",59,19,S9400@Selleck-L2700-219cpds-manual.csv-19
"124",60,1,T6977@Targetmol-L2300-640cpds-manual.csv-1
"125",61,1,T6975@Targetmol-L2300-640cpds-manual.csv-1
"126",62,1,T6955@Targetmol-L2300-640cpds-manual.csv-1
"127",62,2,T6955@Targetmol-L2300-640cpds-manual.csv-2
"128",63,1,T6953@Targetmol-L2300-640cpds-manual.csv-1
"129",63,2,T6953@Targetmol-L2300-640cpds-manual.csv-2
"130",63,3,T6953@Targetmol-L2300-640cpds-manual.csv-3
"131",63,4,T6953@Targetmol-L2300-640cpds-manual.csv-4
"132",64,1,T6950@Targetmol-L2300-640cpds-manual.csv-1
"133",65,1,T6929@Targetmol-L2300-640cpds-manual.csv-1
"134",65,2,T6929@Targetmol-L2300-640cpds-manual.csv-2
"135",65,3,T6929@Targetmol-L2300-640cpds-manual.csv-3
"136",65,4,T6929@Targetmol-L2300-640cpds-manual.csv-4
"137",65,5,T6929@Targetmol-L2300-640cpds-manual.csv-5
"138",65,6,T6929@Targetmol-L2300-640cpds-manual.csv-6
"139",65,7,T6929@Targetmol-L2300-640cpds-manual.csv-7
"140",65,8,T6929@Targetmol-L2300-640cpds-manual.csv-8
"141",66,1,T6875@Targetmol-L2300-640cpds-manual.csv-1
"142",67,1,T6871@Targetmol-L2300-640cpds-manual.csv-1
"143",68,1,T6869@Targetmol-L2300-640cpds-manual.csv-1
"144",69,1,T6832@Targetmol-L2300-640cpds-manual.csv-1
"145",70,1,T6820@Targetmol-L2300-640cpds-manual.csv-1
"146",71,1,T6777@Targetmol-L2300-640cpds-manual.csv-1
"147",71,2,T6777@Targetmol-L2300-640cpds-manual.csv-2
"148",72,1,T6714@Targetmol-L2300-640cpds-manual.csv-1
"149",73,1,T6700@Targetmol-L2300-640cpds-manual.csv-1
"150",73,2,T6700@Targetmol-L2300-640cpds-manual.csv-2
"151",73,3,T6700@Targetmol-L2300-640cpds-manual.csv-3
"152",73,4,T6700@Targetmol-L2300-640cpds-manual.csv-4
"153",73,5,T6700@Targetmol-L2300-640cpds-manual.csv-5
"154",73,6,T6700@Targetmol-L2300-640cpds-manual.csv-6
"155",73,7,T6700@Targetmol-L2300-640cpds-manual.csv-7
"156",73,8,T6700@Targetmol-L2300-640cpds-manual.csv-8
"157",74,1,S2773@Selleck-L2700-219cpds-manual.csv-1
"158",75,1,S1472@Selleck-L2700-219cpds-manual.csv-1
"159",75,2,S1472@Selleck-L2700-219cpds-manual.csv-2
"160",75,3,S1472@Selleck-L2700-219cpds-manual.csv-3
"161",75,4,S1472@Selleck-L2700-219cpds-manual.csv-4
"162",76,1,S4058@Selleck-L2700-219cpds-manual.csv-1
"163",76,2,S4058@Selleck-L2700-219cpds-manual.csv-2
"164",76,3,S4058@Selleck-L2700-219cpds-manual.csv-3
"165",76,4,S4058@Selleck-L2700-219cpds-manual.csv-4
"166",76,5,S4058@Selleck-L2700-219cpds-manual.csv-5
"167",76,6,S4058@Selleck-L2700-219cpds-manual.csv-6
"168",77,1,T6643@Targetmol-L2300-640cpds-manual.csv-1
"169",77,2,T6643@Targetmol-L2300-640cpds-manual.csv-2
"170",77,3,T6643@Targetmol-L2300-640cpds-manual.csv-3
"171",77,4,T6643@Targetmol-L2300-640cpds-manual.csv-4
"172",78,1,T6618@Targetmol-L2300-640cpds-manual.csv-1
"173",78,2,T6618@Targetmol-L2300-640cpds-manual.csv-2
"174",78,3,T6618@Targetmol-L2300-640cpds-manual.csv-3
"175",78,4,T6618@Targetmol-L2300-640cpds-manual.csv-4
"176",79,1,T6617@Targetmol-L2300-640cpds-manual.csv-1
"177",79,2,T6617@Targetmol-L2300-640cpds-manual.csv-2
"178",80,1,T6608@Targetmol-L2300-640cpds-manual.csv-1
"179",81,1,T6607@Targetmol-L2300-640cpds-manual.csv-1
"180",82,1,T0030@Targetmol-L2300-640cpds-manual.csv-1
"181",82,2,T0030@Targetmol-L2300-640cpds-manual.csv-2
"182",82,3,T0030@Targetmol-L2300-640cpds-manual.csv-3
"183",82,4,T0030@Targetmol-L2300-640cpds-manual.csv-4
"184",82,5,T0030@Targetmol-L2300-640cpds-manual.csv-5
"185",82,6,T0030@Targetmol-L2300-640cpds-manual.csv-6
"186",83,1,T6541@Targetmol-L2300-640cpds-manual.csv-1
"187",83,2,T6541@Targetmol-L2300-640cpds-manual.csv-2
"188",83,3,T6541@Targetmol-L2300-640cpds-manual.csv-3
"189",83,4,T6541@Targetmol-L2300-640cpds-manual.csv-4
"190",83,5,T6541@Targetmol-L2300-640cpds-manual.csv-5
"191",83,6,T6541@Targetmol-L2300-640cpds-manual.csv-6
"192",83,7,T6541@Targetmol-L2300-640cpds-manual.csv-7
"193",83,8,T6541@Targetmol-L2300-640cpds-manual.csv-8
"194",84,1,T6507@Targetmol-L2300-640cpds-manual.csv-1
"195",85,1,T6504@Targetmol-L2300-640cpds-manual.csv-1
"196",85,2,T6504@Targetmol-L2300-640cpds-manual.csv-2
"197",86,2,T6476@Targetmol-L2300-640cpds-manual.csv-2
"198",86,5,T6476@Targetmol-L2300-640cpds-manual.csv-5
"199",87,1,T6443@Targetmol-L2300-640cpds-manual.csv-1
"200",87,2,T6443@Targetmol-L2300-640cpds-manual.csv-2
"201",88,1,T1065@Targetmol-L2300-640cpds-manual.csv-1
"202",88,2,T1065@Targetmol-L2300-640cpds-manual.csv-2
"203",89,1,T3320@Targetmol-L2300-640cpds-manual.csv-1
"204",89,2,T3320@Targetmol-L2300-640cpds-manual.csv-2
"205",90,1,T6307@Targetmol-L2300-640cpds-manual.csv-1
"206",91,2,T6250@Targetmol-L2300-640cpds-manual.csv-2
"207",92,1,S5710@Selleck-L2700-219cpds-manual.csv-1
"208",92,2,S5710@Selleck-L2700-219cpds-manual.csv-2
"209",92,3,S5710@Selleck-L2700-219cpds-manual.csv-3
"210",92,4,S5710@Selleck-L2700-219cpds-manual.csv-4
"211",93,1,T6186@Targetmol-L2300-640cpds-manual.csv-1
"212",94,1,T6144@Targetmol-L2300-640cpds-manual.csv-1
"213",94,2,T6144@Targetmol-L2300-640cpds-manual.csv-2
"214",94,3,T6144@Targetmol-L2300-640cpds-manual.csv-3
"215",95,1,T6123@Targetmol-L2300-640cpds-manual.csv-1
"216",96,1,T6106@Targetmol-L2300-640cpds-manual.csv-1
"217",97,1,T6074@Targetmol-L2300-640cpds-manual.csv-1
"218",98,1,T6062@Targetmol-L2300-640cpds-manual.csv-1
"219",99,1,T6038@Targetmol-L2300-640cpds-manual.csv-1
"220",100,2,S9065@Selleck-L2700-219cpds-manual.csv-2
"221",100,3,S9065@Selleck-L2700-219cpds-manual.csv-3
"222",100,4,S9065@Selleck-L2700-219cpds-manual.csv-4
"223",100,5,S9065@Selleck-L2700-219cpds-manual.csv-5
"224",100,7,S9065@Selleck-L2700-219cpds-manual.csv-7
"225",100,8,S9065@Selleck-L2700-219cpds-manual.csv-8
"226",100,9,S9065@Selleck-L2700-219cpds-manual.csv-9
"227",101,1,T5962@Targetmol-L2300-640cpds-manual.csv-1
"228",101,2,T5962@Targetmol-L2300-640cpds-manual.csv-2
"229",101,3,T5962@Targetmol-L2300-640cpds-manual.csv-3
"230",101,4,T5962@Targetmol-L2300-640cpds-manual.csv-4
"231",101,5,T5962@Targetmol-L2300-640cpds-manual.csv-5
"232",101,6,T5962@Targetmol-L2300-640cpds-manual.csv-6
"233",101,7,T5962@Targetmol-L2300-640cpds-manual.csv-7
"234",101,8,T5962@Targetmol-L2300-640cpds-manual.csv-8
"235",102,1,T5880@Targetmol-L2300-640cpds-manual.csv-1
"236",103,1,T5845@Targetmol-L2300-640cpds-manual.csv-1
"237",104,1,T5819@Targetmol-L2300-640cpds-manual.csv-1
"238",104,2,T5819@Targetmol-L2300-640cpds-manual.csv-2
"239",105,1,T5786@Targetmol-L2300-640cpds-manual.csv-1
"240",106,2,S3959@Selleck-L2700-219cpds-manual.csv-2
"241",106,3,S3959@Selleck-L2700-219cpds-manual.csv-3
"242",107,1,T5698@Targetmol-L2300-640cpds-manual.csv-1
"243",107,2,T5698@Targetmol-L2300-640cpds-manual.csv-2
"244",108,1,T5632@Targetmol-L2300-640cpds-manual.csv-1
"245",109,5,T5585@Targetmol-L2300-640cpds-manual.csv-5
"246",110,1,T5479@Targetmol-L2300-640cpds-manual.csv-1
"247",111,1,T5457@Targetmol-L2300-640cpds-manual.csv-1
"248",111,3,T5457@Targetmol-L2300-640cpds-manual.csv-3
"249",112,1,T5444@Targetmol-L2300-640cpds-manual.csv-1
"250",113,1,T5391@Targetmol-L2300-640cpds-manual.csv-1
"251",113,2,T5391@Targetmol-L2300-640cpds-manual.csv-2
"252",113,3,T5391@Targetmol-L2300-640cpds-manual.csv-3
"253",113,4,T5391@Targetmol-L2300-640cpds-manual.csv-4
"254",114,1,T5385@Targetmol-L2300-640cpds-manual.csv-1
"255",114,2,T5385@Targetmol-L2300-640cpds-manual.csv-2
"256",115,1,T5376@Targetmol-L2300-640cpds-manual.csv-1
"257",115,2,T5376@Targetmol-L2300-640cpds-manual.csv-2
"258",116,1,T5375@Targetmol-L2300-640cpds-manual.csv-1
"259",117,1,T5336@Targetmol-L2300-640cpds-manual.csv-1
"260",117,2,T5336@Targetmol-L2300-640cpds-manual.csv-2
"261",118,1,T5333@Targetmol-L2300-640cpds-manual.csv-1
"262",119,1,T5225@Targetmol-L2300-640cpds-manual.csv-1
"263",120,1,T5183@Targetmol-L2300-640cpds-manual.csv-1
"264",121,1,T5180@Targetmol-L2300-640cpds-manual.csv-1
"265",122,1,T5120@Targetmol-L2300-640cpds-manual.csv-1
"266",122,2,T5120@Targetmol-L2300-640cpds-manual.csv-2
"267",123,1,T5099@Targetmol-L2300-640cpds-manual.csv-1
"268",123,2,T5099@Targetmol-L2300-640cpds-manual.csv-2
"269",123,3,T5099@Targetmol-L2300-640cpds-manual.csv-3
"270",124,2,S9151@Selleck-L2700-219cpds-manual.csv-2
"271",124,3,S9151@Selleck-L2700-219cpds-manual.csv-3
"272",124,4,S9151@Selleck-L2700-219cpds-manual.csv-4
"273",125,1,T4993@Targetmol-L2300-640cpds-manual.csv-1
"274",126,1,T4979@Targetmol-L2300-640cpds-manual.csv-1
"275",126,2,T4979@Targetmol-L2300-640cpds-manual.csv-2
"276",127,1,T4885@Targetmol-L2300-640cpds-manual.csv-1
"277",128,1,T4811@Targetmol-L2300-640cpds-manual.csv-1
"278",129,1,T4728@Targetmol-L2300-640cpds-manual.csv-1
"279",130,1,T4699@Targetmol-L2300-640cpds-manual.csv-1
"280",131,1,T4612@Targetmol-L2300-640cpds-manual.csv-1
"281",131,2,T4612@Targetmol-L2300-640cpds-manual.csv-2
"282",132,1,S9409@Selleck-L2700-219cpds-manual.csv-1
"283",132,2,S9409@Selleck-L2700-219cpds-manual.csv-2
"284",133,1,T4564@Targetmol-L2300-640cpds-manual.csv-1
"285",134,1,S5371@Selleck-L2700-219cpds-manual.csv-1
"286",134,2,S5371@Selleck-L2700-219cpds-manual.csv-2
"287",134,3,S5371@Selleck-L2700-219cpds-manual.csv-3
"288",134,4,S5371@Selleck-L2700-219cpds-manual.csv-4
"289",134,5,S5371@Selleck-L2700-219cpds-manual.csv-7
"290",134,6,S5371@Selleck-L2700-219cpds-manual.csv-8
"291",134,7,S5371@Selleck-L2700-219cpds-manual.csv-9
"292",134,8,S5371@Selleck-L2700-219cpds-manual.csv-10
"293",134,9,S5371@Selleck-L2700-219cpds-manual.csv-11
"294",134,10,S5371@Selleck-L2700-219cpds-manual.csv-12
"295",134,11,S5371@Selleck-L2700-219cpds-manual.csv-17
"296",134,12,S5371@Selleck-L2700-219cpds-manual.csv-18
"297",134,13,S5371@Selleck-L2700-219cpds-manual.csv-21
"298",134,14,S5371@Selleck-L2700-219cpds-manual.csv-22
"299",134,15,S5371@Selleck-L2700-219cpds-manual.csv-25
"300",134,16,S5371@Selleck-L2700-219cpds-manual.csv-26
"301",134,17,S5371@Selleck-L2700-219cpds-manual.csv-27
"302",134,18,S5371@Selleck-L2700-219cpds-manual.csv-28
"303",135,1,T4503@Targetmol-L2300-640cpds-manual.csv-1
"304",135,2,T4503@Targetmol-L2300-640cpds-manual.csv-2
"305",136,1,T4490@Targetmol-L2300-640cpds-manual.csv-1
"306",137,1,T4423@Targetmol-L2300-640cpds-manual.csv-1
"307",138,1,T4369@Targetmol-L2300-640cpds-manual.csv-1
"308",138,2,T4369@Targetmol-L2300-640cpds-manual.csv-2
"309",138,3,T4369@Targetmol-L2300-640cpds-manual.csv-3
"310",138,4,T4369@Targetmol-L2300-640cpds-manual.csv-4
"311",138,5,T4369@Targetmol-L2300-640cpds-manual.csv-5
"312",139,1,T4363@Targetmol-L2300-640cpds-manual.csv-1
"313",139,2,T4363@Targetmol-L2300-640cpds-manual.csv-2
"314",140,1,T4330@Targetmol-L2300-640cpds-manual.csv-1
"315",140,3,T4330@Targetmol-L2300-640cpds-manual.csv-3
"316",141,1,T4317@Targetmol-L2300-640cpds-manual.csv-1
"317",141,2,T4317@Targetmol-L2300-640cpds-manual.csv-2
"318",142,1,T1385@Targetmol-L2300-640cpds-manual.csv-1
"319",142,2,T1385@Targetmol-L2300-640cpds-manual.csv-2
"320",143,1,T4224@Targetmol-L2300-640cpds-manual.csv-1
"321",143,2,T4224@Targetmol-L2300-640cpds-manual.csv-2
"322",144,1,T4176@Targetmol-L2300-640cpds-manual.csv-1
"323",144,2,T4176@Targetmol-L2300-640cpds-manual.csv-2
"324",144,3,T4176@Targetmol-L2300-640cpds-manual.csv-3
"325",144,4,T4176@Targetmol-L2300-640cpds-manual.csv-4
"326",145,1,T4113@Targetmol-L2300-640cpds-manual.csv-1
"327",145,2,T4113@Targetmol-L2300-640cpds-manual.csv-2
"328",145,3,T4113@Targetmol-L2300-640cpds-manual.csv-3
"329",146,1,T4096@Targetmol-L2300-640cpds-manual.csv-1
"330",146,2,T4096@Targetmol-L2300-640cpds-manual.csv-2
"331",147,1,T4054@Targetmol-L2300-640cpds-manual.csv-1
"332",147,2,T4054@Targetmol-L2300-640cpds-manual.csv-2
"333",148,1,T4030@Targetmol-L2300-640cpds-manual.csv-1
"334",148,2,T4030@Targetmol-L2300-640cpds-manual.csv-2
"335",148,3,T4030@Targetmol-L2300-640cpds-manual.csv-3
"336",148,4,T4030@Targetmol-L2300-640cpds-manual.csv-4
"337",149,2,T4028@Targetmol-L2300-640cpds-manual.csv-2
"338",149,3,T4028@Targetmol-L2300-640cpds-manual.csv-3
"339",150,1,T3S2100@Targetmol-L2300-640cpds-manual.csv-1
"340",150,2,T3S2100@Targetmol-L2300-640cpds-manual.csv-2
"341",150,3,T3S2100@Targetmol-L2300-640cpds-manual.csv-3
"342",151,1,T3S1553@Targetmol-L2300-640cpds-manual.csv-1
"343",152,1,T3S0081@Targetmol-L2300-640cpds-manual.csv-1
"344",152,2,T3S0081@Targetmol-L2300-640cpds-manual.csv-2
"345",153,1,T3994@Targetmol-L2300-640cpds-manual.csv-1
"346",153,2,T3994@Targetmol-L2300-640cpds-manual.csv-2
"347",154,1,T3981@Targetmol-L2300-640cpds-manual.csv-1
"348",154,2,T3981@Targetmol-L2300-640cpds-manual.csv-2
"349",155,1,T3959@Targetmol-L2300-640cpds-manual.csv-1
"350",156,1,T3957@Targetmol-L2300-640cpds-manual.csv-1
"351",157,1,T3904@Targetmol-L2300-640cpds-manual.csv-1
"352",158,1,T3876@Targetmol-L2300-640cpds-manual.csv-1
"353",159,1,T3865@Targetmol-L2300-640cpds-manual.csv-1
"354",160,1,T3727@Targetmol-L2300-640cpds-manual.csv-1
"355",160,2,T3727@Targetmol-L2300-640cpds-manual.csv-2
"356",161,1,T3720@Targetmol-L2300-640cpds-manual.csv-1
"357",162,3,T3703@Targetmol-L2300-640cpds-manual.csv-3
"358",163,1,T3698@Targetmol-L2300-640cpds-manual.csv-1
"359",164,1,T3651@Targetmol-L2300-640cpds-manual.csv-1
"360",165,1,T3644@Targetmol-L2300-640cpds-manual.csv-1
"361",166,1,T3639@Targetmol-L2300-640cpds-manual.csv-1
"362",167,1,T3604@Targetmol-L2300-640cpds-manual.csv-1
"363",168,1,T3581@Targetmol-L2300-640cpds-manual.csv-1
"364",169,1,T3557@Targetmol-L2300-640cpds-manual.csv-1
"365",169,2,T3557@Targetmol-L2300-640cpds-manual.csv-2
"366",170,1,T3543@Targetmol-L2300-640cpds-manual.csv-1
"367",170,2,T3543@Targetmol-L2300-640cpds-manual.csv-2
"368",171,1,T3534@Targetmol-L2300-640cpds-manual.csv-1
"369",171,2,T3534@Targetmol-L2300-640cpds-manual.csv-2
"370",171,3,T3534@Targetmol-L2300-640cpds-manual.csv-3
"371",171,4,T3534@Targetmol-L2300-640cpds-manual.csv-4
"372",171,5,T3534@Targetmol-L2300-640cpds-manual.csv-5
"373",171,6,T3534@Targetmol-L2300-640cpds-manual.csv-6
"374",171,7,T3534@Targetmol-L2300-640cpds-manual.csv-7
"375",171,8,T3534@Targetmol-L2300-640cpds-manual.csv-8
"376",171,9,T3534@Targetmol-L2300-640cpds-manual.csv-9
"377",171,10,T3534@Targetmol-L2300-640cpds-manual.csv-10
"378",171,11,T3534@Targetmol-L2300-640cpds-manual.csv-11
"379",171,12,T3534@Targetmol-L2300-640cpds-manual.csv-12
"380",172,1,T3528@Targetmol-L2300-640cpds-manual.csv-1
"381",173,1,T3484@Targetmol-L2300-640cpds-manual.csv-1
"382",174,2,T3429@Targetmol-L2300-640cpds-manual.csv-2
"383",175,1,T3377@Targetmol-L2300-640cpds-manual.csv-1
"384",176,2,S9017@Selleck-L2700-219cpds-manual.csv-2
"385",177,1,T3332@Targetmol-L2300-640cpds-manual.csv-1
"386",178,1,T3285@Targetmol-L2300-640cpds-manual.csv-1
"387",179,1,T3192@Targetmol-L2300-640cpds-manual.csv-1
"388",180,1,T3173@Targetmol-L2300-640cpds-manual.csv-1
"389",181,1,T3154@Targetmol-L2300-640cpds-manual.csv-1
"390",182,1,T3102@Targetmol-L2300-640cpds-manual.csv-1
"391",182,2,T3102@Targetmol-L2300-640cpds-manual.csv-2
"392",183,1,T3093@Targetmol-L2300-640cpds-manual.csv-1
"393",184,1,T3060@Targetmol-L2300-640cpds-manual.csv-1
"394",184,2,T3060@Targetmol-L2300-640cpds-manual.csv-2
"395",185,1,S9179@Selleck-L2700-219cpds-manual.csv-1
"396",185,2,S9179@Selleck-L2700-219cpds-manual.csv-2
"397",185,3,S9179@Selleck-L2700-219cpds-manual.csv-3
"398",185,4,S9179@Selleck-L2700-219cpds-manual.csv-4
"399",185,5,S9179@Selleck-L2700-219cpds-manual.csv-5
"400",185,6,S9179@Selleck-L2700-219cpds-manual.csv-6
"401",185,7,S9179@Selleck-L2700-219cpds-manual.csv-7
"402",185,8,S9179@Selleck-L2700-219cpds-manual.csv-8
"403",185,9,S9179@Selleck-L2700-219cpds-manual.csv-9
"404",185,10,S9179@Selleck-L2700-219cpds-manual.csv-10
"405",185,11,S9179@Selleck-L2700-219cpds-manual.csv-11
"406",185,12,S9179@Selleck-L2700-219cpds-manual.csv-12
"407",186,1,T3002@Targetmol-L2300-640cpds-manual.csv-1
"408",187,1,T2S2264@Targetmol-L2300-640cpds-manual.csv-1
"409",187,2,T2S2264@Targetmol-L2300-640cpds-manual.csv-2
"410",188,1,T2S1814@Targetmol-L2300-640cpds-manual.csv-1
"411",188,2,T2S1814@Targetmol-L2300-640cpds-manual.csv-2
"412",189,3,S9224@Selleck-L2700-219cpds-manual.csv-3
"413",190,1,T2O2728@Targetmol-L2300-640cpds-manual.csv-1
"414",191,1,T2O2668@Targetmol-L2300-640cpds-manual.csv-1
"415",192,1,T2A2497@Targetmol-L2300-640cpds-manual.csv-1
"416",193,1,T2998@Targetmol-L2300-640cpds-manual.csv-1
"417",193,2,T2998@Targetmol-L2300-640cpds-manual.csv-2
"418",193,3,T2998@Targetmol-L2300-640cpds-manual.csv-3
"419",193,4,T2998@Targetmol-L2300-640cpds-manual.csv-4
"420",194,1,S3942@Selleck-L2700-219cpds-manual.csv-1
"421",194,2,S3942@Selleck-L2700-219cpds-manual.csv-2
"422",194,3,S3942@Selleck-L2700-219cpds-manual.csv-3
"423",194,4,S3942@Selleck-L2700-219cpds-manual.csv-4
"424",194,5,S3942@Selleck-L2700-219cpds-manual.csv-5
"425",194,6,S3942@Selleck-L2700-219cpds-manual.csv-6
"426",195,1,T2990@Targetmol-L2300-640cpds-manual.csv-1
"427",195,2,T2990@Targetmol-L2300-640cpds-manual.csv-2
"428",196,1,T2983@Targetmol-L2300-640cpds-manual.csv-1
"429",197,1,T2979@Targetmol-L2300-640cpds-manual.csv-1
"430",198,1,T2924@Targetmol-L2300-640cpds-manual.csv-1
"431",198,2,T2924@Targetmol-L2300-640cpds-manual.csv-2
"432",198,3,T2924@Targetmol-L2300-640cpds-manual.csv-3
"433",199,1,T2922@Targetmol-L2300-640cpds-manual.csv-1
"434",199,3,T2922@Targetmol-L2300-640cpds-manual.csv-3
"435",200,1,T2917@Targetmol-L2300-640cpds-manual.csv-1
"436",200,4,T2917@Targetmol-L2300-640cpds-manual.csv-4
"437",200,5,T2917@Targetmol-L2300-640cpds-manual.csv-5
"438",200,6,T2917@Targetmol-L2300-640cpds-manual.csv-6
"439",201,1,T2893@Targetmol-L2300-640cpds-manual.csv-1
"440",201,2,T2893@Targetmol-L2300-640cpds-manual.csv-2
"441",202,1,S7071@Selleck-L2700-219cpds-manual.csv-1
"442",202,2,S7071@Selleck-L2700-219cpds-manual.csv-2
"443",202,3,S7071@Selleck-L2700-219cpds-manual.csv-3
"444",202,4,S7071@Selleck-L2700-219cpds-manual.csv-4
"445",202,5,S7071@Selleck-L2700-219cpds-manual.csv-5
"446",202,6,S7071@Selleck-L2700-219cpds-manual.csv-6
"447",202,7,S7071@Selleck-L2700-219cpds-manual.csv-7
"448",202,8,S7071@Selleck-L2700-219cpds-manual.csv-8
"449",202,9,S7071@Selleck-L2700-219cpds-manual.csv-9
"450",202,10,S7071@Selleck-L2700-219cpds-manual.csv-10
"451",202,11,S7071@Selleck-L2700-219cpds-manual.csv-11
"452",202,12,S7071@Selleck-L2700-219cpds-manual.csv-12
"453",203,1,T2845@Targetmol-L2300-640cpds-manual.csv-1
"454",204,1,T2807@Targetmol-L2300-640cpds-manual.csv-1
"455",205,1,T2749@Targetmol-L2300-640cpds-manual.csv-1
"456",206,1,S2405@Selleck-L2700-219cpds-manual.csv-1
"457",206,2,S2405@Selleck-L2700-219cpds-manual.csv-2
"458",206,3,S2405@Selleck-L2700-219cpds-manual.csv-3
"459",206,4,S2405@Selleck-L2700-219cpds-manual.csv-4
"460",206,5,S2405@Selleck-L2700-219cpds-manual.csv-5
"461",206,6,S2405@Selleck-L2700-219cpds-manual.csv-6
"462",206,7,S2405@Selleck-L2700-219cpds-manual.csv-7
"463",206,8,S2405@Selleck-L2700-219cpds-manual.csv-8
"464",206,9,S2405@Selleck-L2700-219cpds-manual.csv-9
"465",206,10,S2405@Selleck-L2700-219cpds-manual.csv-10
"466",207,1,S3807@Selleck-L2700-219cpds-manual.csv-1
"467",207,2,S3807@Selleck-L2700-219cpds-manual.csv-2
"468",207,5,S3807@Selleck-L2700-219cpds-manual.csv-5
"469",207,6,S3807@Selleck-L2700-219cpds-manual.csv-6
"470",207,7,S3807@Selleck-L2700-219cpds-manual.csv-7
"471",207,9,S3807@Selleck-L2700-219cpds-manual.csv-9
"472",208,1,T2711@Targetmol-L2300-640cpds-manual.csv-1
"473",209,1,T2687@Targetmol-L2300-640cpds-manual.csv-1
"474",209,2,T2687@Targetmol-L2300-640cpds-manual.csv-2
"475",209,3,T2687@Targetmol-L2300-640cpds-manual.csv-3
"476",209,4,T2687@Targetmol-L2300-640cpds-manual.csv-4
"477",209,5,T2687@Targetmol-L2300-640cpds-manual.csv-5
"478",210,1,T2686L@Targetmol-L2300-640cpds-manual.csv-1
"479",210,2,T2686L@Targetmol-L2300-640cpds-manual.csv-2
"480",211,1,T2686@Targetmol-L2300-640cpds-manual.csv-1
"481",211,2,T2686@Targetmol-L2300-640cpds-manual.csv-2
"482",211,3,T2686@Targetmol-L2300-640cpds-manual.csv-3
"483",212,1,T2673@Targetmol-L2300-640cpds-manual.csv-1
"484",213,1,T2663@Targetmol-L2300-640cpds-manual.csv-1
"485",213,2,T2663@Targetmol-L2300-640cpds-manual.csv-2
"486",214,1,T2604@Targetmol-L2300-640cpds-manual.csv-1
"487",215,1,T2595@Targetmol-L2300-640cpds-manual.csv-1
"488",216,1,T2588@Targetmol-L2300-640cpds-manual.csv-1
"489",217,1,T2530@Targetmol-L2300-640cpds-manual.csv-1
"490",217,2,T2530@Targetmol-L2300-640cpds-manual.csv-2
"491",218,1,T2523@Targetmol-L2300-640cpds-manual.csv-1
"492",219,1,T2498@Targetmol-L2300-640cpds-manual.csv-1
"493",220,1,T2451@Targetmol-L2300-640cpds-manual.csv-1
"494",221,1,T2439@Targetmol-L2300-640cpds-manual.csv-1
"495",222,1,T2437@Targetmol-L2300-640cpds-manual.csv-1
"496",223,1,T2422@Targetmol-L2300-640cpds-manual.csv-1
"497",224,1,T2405@Targetmol-L2300-640cpds-manual.csv-1
"498",224,2,T2405@Targetmol-L2300-640cpds-manual.csv-2
"499",224,3,T2405@Targetmol-L2300-640cpds-manual.csv-3
"500",224,4,T2405@Targetmol-L2300-640cpds-manual.csv-4
"501",224,5,T2405@Targetmol-L2300-640cpds-manual.csv-5
"502",224,6,T2405@Targetmol-L2300-640cpds-manual.csv-6
"503",225,2,T2342@Targetmol-L2300-640cpds-manual.csv-2
"504",226,1,T2298@Targetmol-L2300-640cpds-manual.csv-1
"505",226,2,T2298@Targetmol-L2300-640cpds-manual.csv-2
"506",227,1,T2285@Targetmol-L2300-640cpds-manual.csv-1
"507",228,1,T2280@Targetmol-L2300-640cpds-manual.csv-1
"508",229,1,T2238@Targetmol-L2300-640cpds-manual.csv-1
"509",230,1,T2196@Targetmol-L2300-640cpds-manual.csv-1
"510",230,2,T2196@Targetmol-L2300-640cpds-manual.csv-2
"511",231,1,T2192@Targetmol-L2300-640cpds-manual.csv-1
"512",231,2,T2192@Targetmol-L2300-640cpds-manual.csv-2
"513",232,1,T2191@Targetmol-L2300-640cpds-manual.csv-1
"514",233,1,T2170@Targetmol-L2300-640cpds-manual.csv-1
"515",233,2,T2170@Targetmol-L2300-640cpds-manual.csv-2
"516",233,3,T2170@Targetmol-L2300-640cpds-manual.csv-3
"517",233,4,T2170@Targetmol-L2300-640cpds-manual.csv-4
"518",234,1,T2163@Targetmol-L2300-640cpds-manual.csv-1
"519",235,1,T2131@Targetmol-L2300-640cpds-manual.csv-1
"520",235,2,T2131@Targetmol-L2300-640cpds-manual.csv-2
"521",235,3,T2131@Targetmol-L2300-640cpds-manual.csv-3
"522",235,4,T2131@Targetmol-L2300-640cpds-manual.csv-4
"523",236,1,T2089@Targetmol-L2300-640cpds-manual.csv-1
"524",237,1,T2087@Targetmol-L2300-640cpds-manual.csv-1
"525",237,2,T2087@Targetmol-L2300-640cpds-manual.csv-2
"526",237,3,T2087@Targetmol-L2300-640cpds-manual.csv-3
"527",238,1,T2049@Targetmol-L2300-640cpds-manual.csv-1
"528",239,1,T2040@Targetmol-L2300-640cpds-manual.csv-1
"529",239,2,T2040@Targetmol-L2300-640cpds-manual.csv-2
"530",239,3,T2040@Targetmol-L2300-640cpds-manual.csv-3
"531",240,1,T2024@Targetmol-L2300-640cpds-manual.csv-1
"532",241,1,T2019@Targetmol-L2300-640cpds-manual.csv-1
"533",242,1,T1946@Targetmol-L2300-640cpds-manual.csv-1
"534",243,1,T1940@Targetmol-L2300-640cpds-manual.csv-1
"535",244,1,T1915@Targetmol-L2300-640cpds-manual.csv-1
"536",245,1,T1897@Targetmol-L2300-640cpds-manual.csv-1
"537",246,1,T1884@Targetmol-L2300-640cpds-manual.csv-1
"538",247,1,T1860@Targetmol-L2300-640cpds-manual.csv-2
"539",248,1,T1814@Targetmol-L2300-640cpds-manual.csv-1
"540",249,1,T1805@Targetmol-L2300-640cpds-manual.csv-1
"541",250,1,T1781@Targetmol-L2300-640cpds-manual.csv-1
"542",251,1,T1768@Targetmol-L2300-640cpds-manual.csv-1
"543",252,2,T1756@Targetmol-L2300-640cpds-manual.csv-2
"544",252,4,T1756@Targetmol-L2300-640cpds-manual.csv-4
"545",252,6,T1756@Targetmol-L2300-640cpds-manual.csv-6
"546",252,7,T1756@Targetmol-L2300-640cpds-manual.csv-7
"547",252,8,T1756@Targetmol-L2300-640cpds-manual.csv-8
"548",253,1,T1752@Targetmol-L2300-640cpds-manual.csv-1
"549",254,1,T1751@Targetmol-L2300-640cpds-manual.csv-1
"550",254,2,T1751@Targetmol-L2300-640cpds-manual.csv-2
"551",254,3,T1751@Targetmol-L2300-640cpds-manual.csv-3
"552",254,4,T1751@Targetmol-L2300-640cpds-manual.csv-4
"553",255,1,T1734@Targetmol-L2300-640cpds-manual.csv-1
"554",255,2,T1734@Targetmol-L2300-640cpds-manual.csv-2
"555",255,3,T1734@Targetmol-L2300-640cpds-manual.csv-3
"556",256,1,S2489@Selleck-L2700-219cpds-manual.csv-1
"557",256,2,S2489@Selleck-L2700-219cpds-manual.csv-2
"558",256,4,S2489@Selleck-L2700-219cpds-manual.csv-4
"559",257,1,T1673@Targetmol-L2300-640cpds-manual.csv-1
"560",258,1,T1657@Targetmol-L2300-640cpds-manual.csv-1
"561",259,1,T1651@Targetmol-L2300-640cpds-manual.csv-1
"562",259,2,T1651@Targetmol-L2300-640cpds-manual.csv-2
"563",259,3,T1651@Targetmol-L2300-640cpds-manual.csv-3
"564",259,4,T1651@Targetmol-L2300-640cpds-manual.csv-4
"565",260,1,T1650@Targetmol-L2300-640cpds-manual.csv-1
"566",260,2,T1650@Targetmol-L2300-640cpds-manual.csv-2
"567",261,1,T1641@Targetmol-L2300-640cpds-manual.csv-1
"568",262,1,T16339@Targetmol-L2300-640cpds-manual.csv-1
"569",263,1,T1622@Targetmol-L2300-640cpds-manual.csv-1
"570",263,2,T1622@Targetmol-L2300-640cpds-manual.csv-2
"571",263,3,T1622@Targetmol-L2300-640cpds-manual.csv-3
"572",263,4,T1622@Targetmol-L2300-640cpds-manual.csv-4
"573",263,5,T1622@Targetmol-L2300-640cpds-manual.csv-5
"574",263,6,T1622@Targetmol-L2300-640cpds-manual.csv-6
"575",263,7,T1622@Targetmol-L2300-640cpds-manual.csv-7
"576",263,8,T1622@Targetmol-L2300-640cpds-manual.csv-8
"577",264,1,T16110@Targetmol-L2300-640cpds-manual.csv-1
"578",264,3,T16110@Targetmol-L2300-640cpds-manual.csv-3
"579",264,5,T16110@Targetmol-L2300-640cpds-manual.csv-5
"580",264,6,T16110@Targetmol-L2300-640cpds-manual.csv-6
"581",265,1,T1603@Targetmol-L2300-640cpds-manual.csv-1
"582",265,2,T1603@Targetmol-L2300-640cpds-manual.csv-2
"583",266,1,T1597@Targetmol-L2300-640cpds-manual.csv-1
"584",266,2,T1597@Targetmol-L2300-640cpds-manual.csv-2
"585",267,1,T1593@Targetmol-L2300-640cpds-manual.csv-1
"586",268,1,T1585@Targetmol-L2300-640cpds-manual.csv-1
"587",268,2,T1585@Targetmol-L2300-640cpds-manual.csv-2
"588",269,1,T15758@Targetmol-L2300-640cpds-manual.csv-1
"589",269,2,T15758@Targetmol-L2300-640cpds-manual.csv-2
"590",269,3,T15758@Targetmol-L2300-640cpds-manual.csv-3
"591",270,1,T1555@Targetmol-L2300-640cpds-manual.csv-1
"592",271,1,T15423@Targetmol-L2300-640cpds-manual.csv-1
"593",272,1,T1530@Targetmol-L2300-640cpds-manual.csv-1
"594",273,1,T1527@Targetmol-L2300-640cpds-manual.csv-1
"595",273,2,T1527@Targetmol-L2300-640cpds-manual.csv-2
"596",274,1,T1510@Targetmol-L2300-640cpds-manual.csv-1
"597",275,1,T1498@Targetmol-L2300-640cpds-manual.csv-1
"598",275,2,T1498@Targetmol-L2300-640cpds-manual.csv-2
"599",276,1,T14844@Targetmol-L2300-640cpds-manual.csv-1
"600",276,2,T14844@Targetmol-L2300-640cpds-manual.csv-2
"601",277,1,T1482@Targetmol-L2300-640cpds-manual.csv-1
"602",278,1,T1479@Targetmol-L2300-640cpds-manual.csv-1
"603",279,1,T1453@Targetmol-L2300-640cpds-manual.csv-1
"604",279,2,T1453@Targetmol-L2300-640cpds-manual.csv-2
"605",280,1,T1449@Targetmol-L2300-640cpds-manual.csv-1
"606",280,2,T1449@Targetmol-L2300-640cpds-manual.csv-2
"607",281,1,T1443@Targetmol-L2300-640cpds-manual.csv-1
"608",282,1,T1435@Targetmol-L2300-640cpds-manual.csv-1
"609",282,2,T1435@Targetmol-L2300-640cpds-manual.csv-2
"610",283,1,T1422@Targetmol-L2300-640cpds-manual.csv-1
"611",283,2,T1422@Targetmol-L2300-640cpds-manual.csv-2
"612",284,1,T1413@Targetmol-L2300-640cpds-manual.csv-1
"613",285,1,T1401@Targetmol-L2300-640cpds-manual.csv-1
"614",285,2,T1401@Targetmol-L2300-640cpds-manual.csv-2
"615",286,1,T1396@Targetmol-L2300-640cpds-manual.csv-1
"616",287,1,T1394@Targetmol-L2300-640cpds-manual.csv-1
"617",287,2,T1394@Targetmol-L2300-640cpds-manual.csv-2
"618",288,1,T1389@Targetmol-L2300-640cpds-manual.csv-1
"619",288,2,T1389@Targetmol-L2300-640cpds-manual.csv-2
"620",289,1,S4235@Selleck-L2700-219cpds-manual.csv-1
"621",289,2,S4235@Selleck-L2700-219cpds-manual.csv-2
"622",290,1,T1384@Targetmol-L2300-640cpds-manual.csv-1
"623",291,1,T1352@Targetmol-L2300-640cpds-manual.csv-1
"624",291,2,T1352@Targetmol-L2300-640cpds-manual.csv-2
"625",292,1,S4648@Selleck-L2700-219cpds-manual.csv-1
"626",292,2,S4648@Selleck-L2700-219cpds-manual.csv-2
"627",292,6,S4648@Selleck-L2700-219cpds-manual.csv-6
"628",292,8,S4648@Selleck-L2700-219cpds-manual.csv-8
"629",292,11,S4648@Selleck-L2700-219cpds-manual.csv-11
"630",292,17,S4648@Selleck-L2700-219cpds-manual.csv-17
"631",292,18,S4648@Selleck-L2700-219cpds-manual.csv-18
"632",293,1,T1333@Targetmol-L2300-640cpds-manual.csv-1
"633",293,2,T1333@Targetmol-L2300-640cpds-manual.csv-2
"634",294,1,T13320L@Targetmol-L2300-640cpds-manual.csv-1
"635",294,2,T13320L@Targetmol-L2300-640cpds-manual.csv-2
"636",295,1,T1332@Targetmol-L2300-640cpds-manual.csv-1
"637",295,2,T1332@Targetmol-L2300-640cpds-manual.csv-2
"638",295,3,T1332@Targetmol-L2300-640cpds-manual.csv-3
"639",295,4,T1332@Targetmol-L2300-640cpds-manual.csv-4
"640",296,1,T1327@Targetmol-L2300-640cpds-manual.csv-1
"641",297,1,T1321@Targetmol-L2300-640cpds-manual.csv-1
"642",298,1,T1320@Targetmol-L2300-640cpds-manual.csv-1
"643",298,2,T1320@Targetmol-L2300-640cpds-manual.csv-2
"644",299,1,T1300@Targetmol-L2300-640cpds-manual.csv-1
"645",300,1,T12568@Targetmol-L2300-640cpds-manual.csv-1
"646",301,1,T1240@Targetmol-L2300-640cpds-manual.csv-1
"647",302,1,T1234@Targetmol-L2300-640cpds-manual.csv-1
"648",302,2,T1234@Targetmol-L2300-640cpds-manual.csv-2
"649",303,1,T1222@Targetmol-L2300-640cpds-manual.csv-1
"650",303,2,T1222@Targetmol-L2300-640cpds-manual.csv-2
"651",303,3,T1222@Targetmol-L2300-640cpds-manual.csv-3
"652",304,3,T1204@Targetmol-L2300-640cpds-manual.csv-3
"653",305,1,T1198@Targetmol-L2300-640cpds-manual.csv-1
"654",305,2,T1198@Targetmol-L2300-640cpds-manual.csv-2
"655",306,1,T1197@Targetmol-L2300-640cpds-manual.csv-1
"656",306,3,T1197@Targetmol-L2300-640cpds-manual.csv-3
"657",306,4,T1197@Targetmol-L2300-640cpds-manual.csv-4
"658",307,1,T1186@Targetmol-L2300-640cpds-manual.csv-1
"659",307,2,T1186@Targetmol-L2300-640cpds-manual.csv-2
"660",307,3,T1186@Targetmol-L2300-640cpds-manual.csv-3
"661",307,5,T1186@Targetmol-L2300-640cpds-manual.csv-5
"662",307,6,T1186@Targetmol-L2300-640cpds-manual.csv-6
"663",307,7,T1186@Targetmol-L2300-640cpds-manual.csv-7
"664",308,1,T1146@Targetmol-L2300-640cpds-manual.csv-1
"665",309,1,T1144@Targetmol-L2300-640cpds-manual.csv-1
"666",309,2,T1144@Targetmol-L2300-640cpds-manual.csv-2
"667",310,1,T11394@Targetmol-L2300-640cpds-manual.csv-1
"668",310,2,T11394@Targetmol-L2300-640cpds-manual.csv-2
"669",311,1,T1128@Targetmol-L2300-640cpds-manual.csv-1
"670",311,2,T1128@Targetmol-L2300-640cpds-manual.csv-2
"671",312,1,T11277@Targetmol-L2300-640cpds-manual.csv-1
"672",312,2,T11277@Targetmol-L2300-640cpds-manual.csv-2
"673",313,1,S8279@Selleck-L2700-219cpds-manual.csv-1
"674",313,2,S8279@Selleck-L2700-219cpds-manual.csv-2
"675",313,3,S8279@Selleck-L2700-219cpds-manual.csv-3
"676",313,4,S8279@Selleck-L2700-219cpds-manual.csv-4
"677",313,5,S8279@Selleck-L2700-219cpds-manual.csv-5
"678",313,6,S8279@Selleck-L2700-219cpds-manual.csv-6
"679",314,1,T1062@Targetmol-L2300-640cpds-manual.csv-1
"680",315,1,T1091@Targetmol-L2300-640cpds-manual.csv-1
"681",315,2,T1091@Targetmol-L2300-640cpds-manual.csv-2
"682",316,1,T1090@Targetmol-L2300-640cpds-manual.csv-1
"683",316,2,T1090@Targetmol-L2300-640cpds-manual.csv-2
"684",316,3,T1090@Targetmol-L2300-640cpds-manual.csv-3
"685",317,1,S1329@Selleck-L2700-219cpds-manual.csv-1
"686",317,2,S1329@Selleck-L2700-219cpds-manual.csv-2
"687",317,3,S1329@Selleck-L2700-219cpds-manual.csv-3
"688",317,4,S1329@Selleck-L2700-219cpds-manual.csv-4
"689",318,1,S1426@Selleck-L2700-219cpds-manual.csv-1
"690",319,4,T1066@Targetmol-L2300-640cpds-manual.csv-4
"691",320,1,T1054@Targetmol-L2300-640cpds-manual.csv-1
"692",320,2,T1054@Targetmol-L2300-640cpds-manual.csv-2
"693",321,1,T1049L@Targetmol-L2300-640cpds-manual.csv-1
"694",321,2,T1049L@Targetmol-L2300-640cpds-manual.csv-2
"695",321,3,T1049L@Targetmol-L2300-640cpds-manual.csv-3
"696",322,1,S1709@Selleck-L2700-219cpds-manual.csv-1
"697",322,2,S1709@Selleck-L2700-219cpds-manual.csv-2
"698",322,3,S1709@Selleck-L2700-219cpds-manual.csv-3
"699",322,4,S1709@Selleck-L2700-219cpds-manual.csv-4
"700",323,1,T1046@Targetmol-L2300-640cpds-manual.csv-1
"701",323,2,T1046@Targetmol-L2300-640cpds-manual.csv-2
"702",324,1,T0674@Targetmol-L2300-640cpds-manual.csv-1
"703",324,2,T0674@Targetmol-L2300-640cpds-manual.csv-2
"704",324,3,T0674@Targetmol-L2300-640cpds-manual.csv-3
"705",324,4,T0674@Targetmol-L2300-640cpds-manual.csv-4
"706",325,1,T1010@Targetmol-L2300-640cpds-manual.csv-1
"707",325,2,T1010@Targetmol-L2300-640cpds-manual.csv-2
"708",325,3,T1010@Targetmol-L2300-640cpds-manual.csv-3
"709",326,1,T0999@Targetmol-L2300-640cpds-manual.csv-1
"710",326,2,T0999@Targetmol-L2300-640cpds-manual.csv-2
"711",327,1,T0958@Targetmol-L2300-640cpds-manual.csv-1
"712",328,1,T0957@Targetmol-L2300-640cpds-manual.csv-1
"713",328,2,T0957@Targetmol-L2300-640cpds-manual.csv-2
"714",329,1,T0954@Targetmol-L2300-640cpds-manual.csv-1
"715",329,2,T0954@Targetmol-L2300-640cpds-manual.csv-2
"716",330,1,T0948L@Targetmol-L2300-640cpds-manual.csv-1
"717",331,1,T0946@Targetmol-L2300-640cpds-manual.csv-1
"718",331,2,T0946@Targetmol-L2300-640cpds-manual.csv-2
"719",331,3,T0946@Targetmol-L2300-640cpds-manual.csv-3
"720",331,4,T0946@Targetmol-L2300-640cpds-manual.csv-4
"721",331,5,T0946@Targetmol-L2300-640cpds-manual.csv-5
"722",331,6,T0946@Targetmol-L2300-640cpds-manual.csv-6
"723",332,1,T0943@Targetmol-L2300-640cpds-manual.csv-1
"724",333,1,T0939@Targetmol-L2300-640cpds-manual.csv-1
"725",333,2,T0939@Targetmol-L2300-640cpds-manual.csv-2
"726",334,1,T0924@Targetmol-L2300-640cpds-manual.csv-1
"727",335,1,T0916@Targetmol-L2300-640cpds-manual.csv-1
"728",336,1,T0883@Targetmol-L2300-640cpds-manual.csv-1
"729",337,1,T0859@Targetmol-L2300-640cpds-manual.csv-1
"730",338,1,T0858@Targetmol-L2300-640cpds-manual.csv-1
"731",339,1,T0843@Targetmol-L2300-640cpds-manual.csv-1
"732",339,2,T0843@Targetmol-L2300-640cpds-manual.csv-2
"733",340,1,T0837@Targetmol-L2300-640cpds-manual.csv-1
"734",341,1,T0816@Targetmol-L2300-640cpds-manual.csv-1
"735",342,1,T0802@Targetmol-L2300-640cpds-manual.csv-1
"736",342,2,T0802@Targetmol-L2300-640cpds-manual.csv-2
"737",343,1,T0784@Targetmol-L2300-640cpds-manual.csv-1
"738",344,1,T0757@Targetmol-L2300-640cpds-manual.csv-1
"739",344,2,T0757@Targetmol-L2300-640cpds-manual.csv-2
"740",344,3,T0757@Targetmol-L2300-640cpds-manual.csv-3
"741",344,4,T0757@Targetmol-L2300-640cpds-manual.csv-4
"742",345,1,T0728@Targetmol-L2300-640cpds-manual.csv-1
"743",345,2,T0728@Targetmol-L2300-640cpds-manual.csv-2
"744",346,1,T0725@Targetmol-L2300-640cpds-manual.csv-1
"745",346,2,T0725@Targetmol-L2300-640cpds-manual.csv-2
"746",346,3,T0725@Targetmol-L2300-640cpds-manual.csv-3
"747",347,1,T0723@Targetmol-L2300-640cpds-manual.csv-1
"748",347,2,T0723@Targetmol-L2300-640cpds-manual.csv-2
"749",347,3,T0723@Targetmol-L2300-640cpds-manual.csv-3
"750",347,4,T0723@Targetmol-L2300-640cpds-manual.csv-4
"751",348,1,T0715@Targetmol-L2300-640cpds-manual.csv-1
"752",348,2,T0715@Targetmol-L2300-640cpds-manual.csv-2
"753",349,1,T0710@Targetmol-L2300-640cpds-manual.csv-1
"754",349,2,T0710@Targetmol-L2300-640cpds-manual.csv-2
"755",350,1,T0697@Targetmol-L2300-640cpds-manual.csv-1
"756",350,2,T0697@Targetmol-L2300-640cpds-manual.csv-2
"757",351,1,T0693@Targetmol-L2300-640cpds-manual.csv-1
"758",351,2,T0693@Targetmol-L2300-640cpds-manual.csv-2
"759",352,1,T0680@Targetmol-L2300-640cpds-manual.csv-1
"760",352,2,T0680@Targetmol-L2300-640cpds-manual.csv-2
"761",353,1,T0678@Targetmol-L2300-640cpds-manual.csv-1
"762",354,1,S1438@Selleck-L2700-219cpds-manual.csv-1
"763",354,2,S1438@Selleck-L2700-219cpds-manual.csv-2
"764",354,3,S1438@Selleck-L2700-219cpds-manual.csv-3
"765",354,4,S1438@Selleck-L2700-219cpds-manual.csv-4
"766",354,5,S1438@Selleck-L2700-219cpds-manual.csv-5
"767",354,6,S1438@Selleck-L2700-219cpds-manual.csv-6
"768",354,7,S1438@Selleck-L2700-219cpds-manual.csv-7
"769",354,8,S1438@Selleck-L2700-219cpds-manual.csv-8
"770",354,9,S1438@Selleck-L2700-219cpds-manual.csv-9
"771",354,10,S1438@Selleck-L2700-219cpds-manual.csv-10
"772",354,11,S1438@Selleck-L2700-219cpds-manual.csv-11
"773",354,12,S1438@Selleck-L2700-219cpds-manual.csv-12
"774",354,13,S1438@Selleck-L2700-219cpds-manual.csv-13
"775",354,14,S1438@Selleck-L2700-219cpds-manual.csv-14
"776",354,15,S1438@Selleck-L2700-219cpds-manual.csv-15
"777",354,16,S1438@Selleck-L2700-219cpds-manual.csv-16
"778",354,17,S1438@Selleck-L2700-219cpds-manual.csv-17
"779",354,18,S1438@Selleck-L2700-219cpds-manual.csv-18
"780",354,19,S1438@Selleck-L2700-219cpds-manual.csv-19
"781",354,20,S1438@Selleck-L2700-219cpds-manual.csv-20
"782",355,1,T0647@Targetmol-L2300-640cpds-manual.csv-1
"783",356,1,T0556@Targetmol-L2300-640cpds-manual.csv-1
"784",357,1,T0511@Targetmol-L2300-640cpds-manual.csv-1
"785",357,2,T0511@Targetmol-L2300-640cpds-manual.csv-2
"786",357,3,T0511@Targetmol-L2300-640cpds-manual.csv-3
"787",357,4,T0511@Targetmol-L2300-640cpds-manual.csv-4
"788",358,1,T0508@Targetmol-L2300-640cpds-manual.csv-1
"789",359,2,T0504@Targetmol-L2300-640cpds-manual.csv-2
"790",359,3,T0504@Targetmol-L2300-640cpds-manual.csv-3
"791",359,6,T0504@Targetmol-L2300-640cpds-manual.csv-6
"792",359,7,T0504@Targetmol-L2300-640cpds-manual.csv-7
"793",360,1,T0490@Targetmol-L2300-640cpds-manual.csv-1
"794",360,2,T0490@Targetmol-L2300-640cpds-manual.csv-2
"795",361,1,T0483@Targetmol-L2300-640cpds-manual.csv-1
"796",361,2,T0483@Targetmol-L2300-640cpds-manual.csv-2
"797",361,3,T0483@Targetmol-L2300-640cpds-manual.csv-3
"798",361,4,T0483@Targetmol-L2300-640cpds-manual.csv-4
"799",362,1,T0480@Targetmol-L2300-640cpds-manual.csv-1
"800",363,1,T0479@Targetmol-L2300-640cpds-manual.csv-1
"801",364,1,T0470@Targetmol-L2300-640cpds-manual.csv-1
"802",364,2,T0470@Targetmol-L2300-640cpds-manual.csv-2
"803",364,3,T0470@Targetmol-L2300-640cpds-manual.csv-3
"804",364,4,T0470@Targetmol-L2300-640cpds-manual.csv-4
"805",364,5,T0470@Targetmol-L2300-640cpds-manual.csv-5
"806",364,6,T0470@Targetmol-L2300-640cpds-manual.csv-6
"807",365,1,T0460@Targetmol-L2300-640cpds-manual.csv-1
"808",365,2,T0460@Targetmol-L2300-640cpds-manual.csv-2
"809",366,1,T0457@Targetmol-L2300-640cpds-manual.csv-1
"810",367,1,T0451@Targetmol-L2300-640cpds-manual.csv-1
"811",368,1,T0450@Targetmol-L2300-640cpds-manual.csv-1
"812",368,2,T0450@Targetmol-L2300-640cpds-manual.csv-2
"813",369,4,T0447@Targetmol-L2300-640cpds-manual.csv-4
"814",370,1,T0440@Targetmol-L2300-640cpds-manual.csv-1
"815",371,1,T0435@Targetmol-L2300-640cpds-manual.csv-1
"816",372,1,T0429@Targetmol-L2300-640cpds-manual.csv-1
"817",372,2,T0429@Targetmol-L2300-640cpds-manual.csv-2
"818",372,3,T0429@Targetmol-L2300-640cpds-manual.csv-3
"819",372,4,T0429@Targetmol-L2300-640cpds-manual.csv-4
"820",373,1,T0426@Targetmol-L2300-640cpds-manual.csv-1
"821",374,1,T0411@Targetmol-L2300-640cpds-manual.csv-1
"822",375,1,T0399@Targetmol-L2300-640cpds-manual.csv-1
"823",375,2,T0399@Targetmol-L2300-640cpds-manual.csv-2
"824",376,1,T0378@Targetmol-L2300-640cpds-manual.csv-1
"825",376,2,T0378@Targetmol-L2300-640cpds-manual.csv-2
"826",377,1,T0365@Targetmol-L2300-640cpds-manual.csv-1
"827",377,2,T0365@Targetmol-L2300-640cpds-manual.csv-2
"828",377,3,T0365@Targetmol-L2300-640cpds-manual.csv-3
"829",377,4,T0365@Targetmol-L2300-640cpds-manual.csv-4
"830",378,1,T0364L@Targetmol-L2300-640cpds-manual.csv-1
"831",379,1,T0349@Targetmol-L2300-640cpds-manual.csv-1
"832",380,1,T0344@Targetmol-L2300-640cpds-manual.csv-1
"833",380,2,T0344@Targetmol-L2300-640cpds-manual.csv-2
"834",380,3,T0344@Targetmol-L2300-640cpds-manual.csv-3
"835",380,4,T0344@Targetmol-L2300-640cpds-manual.csv-4
"836",381,1,T0343@Targetmol-L2300-640cpds-manual.csv-1
"837",381,2,T0343@Targetmol-L2300-640cpds-manual.csv-2
"838",382,1,T0333@Targetmol-L2300-640cpds-manual.csv-1
"839",383,1,T0327@Targetmol-L2300-640cpds-manual.csv-1
"840",383,2,T0327@Targetmol-L2300-640cpds-manual.csv-2
"841",383,3,T0327@Targetmol-L2300-640cpds-manual.csv-3
"842",383,4,T0327@Targetmol-L2300-640cpds-manual.csv-4
"843",384,1,T0324@Targetmol-L2300-640cpds-manual.csv-1
"844",384,2,T0324@Targetmol-L2300-640cpds-manual.csv-2
"845",384,3,T0324@Targetmol-L2300-640cpds-manual.csv-3
"846",384,4,T0324@Targetmol-L2300-640cpds-manual.csv-4
"847",384,5,T0324@Targetmol-L2300-640cpds-manual.csv-5
"848",384,6,T0324@Targetmol-L2300-640cpds-manual.csv-6
"849",384,7,T0324@Targetmol-L2300-640cpds-manual.csv-7
"850",384,8,T0324@Targetmol-L2300-640cpds-manual.csv-8
"851",384,9,T0324@Targetmol-L2300-640cpds-manual.csv-9
"852",384,10,T0324@Targetmol-L2300-640cpds-manual.csv-10
"853",384,11,T0324@Targetmol-L2300-640cpds-manual.csv-11
"854",384,12,T0324@Targetmol-L2300-640cpds-manual.csv-12
"855",384,13,T0324@Targetmol-L2300-640cpds-manual.csv-13
"856",384,14,T0324@Targetmol-L2300-640cpds-manual.csv-14
"857",384,15,T0324@Targetmol-L2300-640cpds-manual.csv-15
"858",384,16,T0324@Targetmol-L2300-640cpds-manual.csv-16
"859",385,1,T0308@Targetmol-L2300-640cpds-manual.csv-1
"860",385,2,T0308@Targetmol-L2300-640cpds-manual.csv-2
"861",385,3,T0308@Targetmol-L2300-640cpds-manual.csv-3
"862",386,1,T0287@Targetmol-L2300-640cpds-manual.csv-1
"863",387,1,T0283@Targetmol-L2300-640cpds-manual.csv-1
"864",388,1,T0275@Targetmol-L2300-640cpds-manual.csv-1
"865",389,2,T0268@Targetmol-L2300-640cpds-manual.csv-2
"866",390,1,T0267@Targetmol-L2300-640cpds-manual.csv-1
"867",391,1,T0249@Targetmol-L2300-640cpds-manual.csv-1
"868",392,1,T0222@Targetmol-L2300-640cpds-manual.csv-1
"869",392,2,T0222@Targetmol-L2300-640cpds-manual.csv-2
"870",393,1,T0221@Targetmol-L2300-640cpds-manual.csv-1
"871",393,2,T0221@Targetmol-L2300-640cpds-manual.csv-2
"872",393,3,T0221@Targetmol-L2300-640cpds-manual.csv-3
"873",393,4,T0221@Targetmol-L2300-640cpds-manual.csv-4
"874",394,1,S1356@Selleck-L2700-219cpds-manual.csv-1
"875",394,2,S1356@Selleck-L2700-219cpds-manual.csv-2
"876",395,1,T0175L@Targetmol-L2300-640cpds-manual.csv-1
"877",396,1,T0169@Targetmol-L2300-640cpds-manual.csv-1
"878",397,1,S2110@Selleck-L2700-219cpds-manual.csv-1
"879",397,2,S2110@Selleck-L2700-219cpds-manual.csv-2
"880",397,3,S2110@Selleck-L2700-219cpds-manual.csv-3
"881",397,4,S2110@Selleck-L2700-219cpds-manual.csv-4
"882",397,5,S2110@Selleck-L2700-219cpds-manual.csv-5
"883",397,6,S2110@Selleck-L2700-219cpds-manual.csv-6
"884",397,7,S2110@Selleck-L2700-219cpds-manual.csv-7
"885",397,8,S2110@Selleck-L2700-219cpds-manual.csv-8
"886",397,9,S2110@Selleck-L2700-219cpds-manual.csv-9
"887",397,10,S2110@Selleck-L2700-219cpds-manual.csv-10
"888",397,11,S2110@Selleck-L2700-219cpds-manual.csv-11
"889",397,12,S2110@Selleck-L2700-219cpds-manual.csv-12
"890",398,1,T0163@Targetmol-L2300-640cpds-manual.csv-1
"891",398,2,T0163@Targetmol-L2300-640cpds-manual.csv-2
"892",399,1,T0150@Targetmol-L2300-640cpds-manual.csv-1
"893",399,2,T0150@Targetmol-L2300-640cpds-manual.csv-2
"894",399,3,T0150@Targetmol-L2300-640cpds-manual.csv-3
"895",399,4,T0150@Targetmol-L2300-640cpds-manual.csv-4
"896",400,1,T0145@Targetmol-L2300-640cpds-manual.csv-1
"897",400,2,T0145@Targetmol-L2300-640cpds-manual.csv-2
"898",401,1,T0126@Targetmol-L2300-640cpds-manual.csv-1
"899",401,2,T0126@Targetmol-L2300-640cpds-manual.csv-2
"900",402,1,T0119@Targetmol-L2300-640cpds-manual.csv-1
"901",402,2,T0119@Targetmol-L2300-640cpds-manual.csv-2
"902",403,1,T0114@Targetmol-L2300-640cpds-manual.csv-1
"903",403,2,T0114@Targetmol-L2300-640cpds-manual.csv-2
"904",403,3,T0114@Targetmol-L2300-640cpds-manual.csv-3
"905",403,4,T0114@Targetmol-L2300-640cpds-manual.csv-4
"906",404,1,S1865@Selleck-L2700-219cpds-manual.csv-1
"907",404,2,S1865@Selleck-L2700-219cpds-manual.csv-2
"908",404,3,S1865@Selleck-L2700-219cpds-manual.csv-3
"909",404,4,S1865@Selleck-L2700-219cpds-manual.csv-4
"910",404,5,S1865@Selleck-L2700-219cpds-manual.csv-5
"911",404,6,S1865@Selleck-L2700-219cpds-manual.csv-6
"912",404,7,S1865@Selleck-L2700-219cpds-manual.csv-7
"913",404,8,S1865@Selleck-L2700-219cpds-manual.csv-8
"914",405,1,T0108@Targetmol-L2300-640cpds-manual.csv-1
"915",406,1,T0075@Targetmol-L2300-640cpds-manual.csv-1
"916",407,1,T0072@Targetmol-L2300-640cpds-manual.csv-1
"917",407,2,T0072@Targetmol-L2300-640cpds-manual.csv-2
"918",408,1,T0055L@Targetmol-L2300-640cpds-manual.csv-1
"919",408,2,T0055L@Targetmol-L2300-640cpds-manual.csv-2
"920",408,3,T0055L@Targetmol-L2300-640cpds-manual.csv-3
"921",408,4,T0055L@Targetmol-L2300-640cpds-manual.csv-4
"922",409,1,T0052L@Targetmol-L2300-640cpds-manual.csv-1
"923",409,2,T0052L@Targetmol-L2300-640cpds-manual.csv-2
"924",409,3,T0052L@Targetmol-L2300-640cpds-manual.csv-3
"925",410,1,T0051@Targetmol-L2300-640cpds-manual.csv-1
"926",411,1,T0048@Targetmol-L2300-640cpds-manual.csv-1
"927",412,1,T0038@Targetmol-L2300-640cpds-manual.csv-1
"928",412,2,T0038@Targetmol-L2300-640cpds-manual.csv-2
"929",412,3,T0038@Targetmol-L2300-640cpds-manual.csv-3
"930",412,4,T0038@Targetmol-L2300-640cpds-manual.csv-4
"931",413,1,T0028@Targetmol-L2300-640cpds-manual.csv-1
"932",413,2,T0028@Targetmol-L2300-640cpds-manual.csv-2
"933",413,3,T0028@Targetmol-L2300-640cpds-manual.csv-3
"934",413,4,T0028@Targetmol-L2300-640cpds-manual.csv-4
"935",414,1,T0024@Targetmol-L2300-640cpds-manual.csv-1
"936",415,1,T0018@Targetmol-L2300-640cpds-manual.csv-1
"937",416,1,T0015@Targetmol-L2300-640cpds-manual.csv-1
"938",416,2,T0015@Targetmol-L2300-640cpds-manual.csv-2
"939",417,1,T0012@Targetmol-L2300-640cpds-manual.csv-1
"940",417,2,T0012@Targetmol-L2300-640cpds-manual.csv-2
"941",418,1,T0008@Targetmol-L2300-640cpds-manual.csv-1
"942",418,2,T0008@Targetmol-L2300-640cpds-manual.csv-2
"943",419,1,S1675@Selleck-L2700-219cpds-manual.csv-1
"944",419,2,S1675@Selleck-L2700-219cpds-manual.csv-2
"945",419,3,S1675@Selleck-L2700-219cpds-manual.csv-3
"946",419,4,S1675@Selleck-L2700-219cpds-manual.csv-4
"947",419,5,S1675@Selleck-L2700-219cpds-manual.csv-5
"948",419,6,S1675@Selleck-L2700-219cpds-manual.csv-6
"949",419,7,S1675@Selleck-L2700-219cpds-manual.csv-7
"950",419,8,S1675@Selleck-L2700-219cpds-manual.csv-8
"951",420,1,S2524@Selleck-L2700-219cpds-manual.csv-1
"952",420,2,S2524@Selleck-L2700-219cpds-manual.csv-2
"953",421,1,S2825@Selleck-L2700-219cpds-manual.csv-1
"954",421,2,S2825@Selleck-L2700-219cpds-manual.csv-2
"955",422,1,S3682@Selleck-L2700-219cpds-manual.csv-1
"956",423,3,S3774@Selleck-L2700-219cpds-manual.csv-3
"957",424,1,S4057@Selleck-L2700-219cpds-manual.csv-1
"958",424,2,S4057@Selleck-L2700-219cpds-manual.csv-2
"959",425,1,S4366@Selleck-L2700-219cpds-manual.csv-1
"960",425,2,S4366@Selleck-L2700-219cpds-manual.csv-2
"961",425,3,S4366@Selleck-L2700-219cpds-manual.csv-3
"962",425,4,S4366@Selleck-L2700-219cpds-manual.csv-4
"963",426,1,S4630@Selleck-L2700-219cpds-manual.csv-1
"964",426,2,S4630@Selleck-L2700-219cpds-manual.csv-2
"965",427,1,S4733@Selleck-L2700-219cpds-manual.csv-1
"966",427,2,S4733@Selleck-L2700-219cpds-manual.csv-2
"967",428,1,S5478@Selleck-L2700-219cpds-manual.csv-1
"968",428,2,S5478@Selleck-L2700-219cpds-manual.csv-2
"969",429,1,S2562@Selleck-L2700-219cpds-manual.csv-1
"970",429,2,S2562@Selleck-L2700-219cpds-manual.csv-2
